id,status,place_key,latitude,longitude,place_other,title,number,transcriber_raw,transcriber_edited,translator,encoded_raw,encoded_edit,encoded_trans,images,leaf number,date_actual,date-archive,creator,recipient,recipient_place,format,googledoc_foldername
1672_07_14_mm2os,translated,grenoble,45.182234,5.718279,,lett 04 Marie to Ortensia Stella,4,smn,smn,smn,lrm,lrm,lrm,DSCF8221;DSCF8222;DSCF8223,,1672-07-14,1672-07-01,Marie Mancini,Ortensia Stella,,image/jpeg,1672-07-01 IICP1 lett 04_actually 1672-07-14_Marie to OrtensiaStella
1672_08_01_mm2lc,translated,grenoble,45.182235,5.71828,,lett 05 Marie to Lorenzo,5,smn,am; smn,smn,lrm,lrm,lrm,DSCF8469;DSCF8470;DSCF8471,1,1672_08_01,1672-08-01,Marie Mancini,Lorenzo Colonna,,image/jpeg,1672-08-01 IICP1 lett 05 Marie to Lorenzo
1672_09_05_a_mm2os,,milan,45.465516,9.187645,lys,lett 534 Marie to Ortensia Stella,534,smn,wn,,lrm,,,DSCF8200;DSCF8201;DSCF8202,,1672-09-05,1672-09-05,Marie Mancini,Ortensia Stella,,image/jpeg,1672-09-05 IICP1 lett 534 Marie to Ortensia Stella
1672_09_05_b_mm2os,,lys,48.517179,2.631357,,lett Marie to Ortensia Stella,535,smn,wn,,lrm,,,DSCF8209;DSCF8210,,1672-09-05,1672-09-05,Marie Mancini,Ortensia Stella,,image/jpeg,1672-09-05 Marie to Ortensia Stella
1672_09_09_mm2os,,lys,48.51718,2.631358,,lett Marie to Ortensia Stella,N/A,smn,wn,,lrm,,,DSCF8206;DSCF8207,,1672-09-09,1672-09-09,Marie Mancini,Ortensia Stella,,image/jpeg,1672-09-09 Marie to Ortensia Stella
1672_09_20_mm2os,,lys,48.517181,2.631359,,lett Marie to Ortensia Stella,N/A,,wn,,,,,DSCF8204;DSCF8205,,1672-09-20,1672-09-20,Marie Mancini,Ortensia Stella,,image/jpeg,1672-09-20 Marie to Ortensia Stella
1672_09_23_mm2lc,,lys,48.517182,2.63136,,lett 10 Marie to Lorenzo,10,smn,am; smn,smn,lrm,lrm,,DSCF8475;DSCF8476;DSCF8477,1,1672_09_23,1672-09-23,Marie Mancini,Lorenzo Colonna,,image/jpeg,1672-09-02 IICP1 lett 10 Marie to Lorenzo
1672_09_27_mm2lc,,lys,48.517183,2.631361,,lett 12 Marie to Lorenzo,12,smn,am; smn,smn,lrm,lrm,,DSCF8478;DSCF8479;DSCF8480,1,1672-09-27,1672-09-27,Marie Mancini,Lorenzo Colonna,,image/jpeg,1672-09-27 IICP1 lett 12 Marie to Lorenzo
1672_10_02_mm2lc,,lys,48.517184,2.631362,,lett 08 Marie to Lorenzo,8,smn,am; smn,smn,lrm,lrm,,DSCF8472;DSCF8473;DSCF8474,1,1672-10-02,1672-10-02,Marie Mancini,Lorenzo Colonna,,image/jpeg,1672-10-02 IICP1 lett 08 Marie to Lorenzo
1672_10_29_mm2lc,translated,avenay,49.095228,-0.464817,,lett 13 Marie to Lorenzo,13,smn,am; smn,smn,omw,omw,omw,DSCF8485;DSCF8486;DSCF8487,1,1672-10-29,1672-10-29,Marie Mancini,Lorenzo Colonna,,image/jpeg,1672-10-29 IICP1 lett 13 Marie to Lorenzo
1672_10_29_mm2os,,avenay,49.095229,-0.464818,,lett Marie to Ortensia Stella,N/A,smn,,,lrm,,,DSCF8212;DSCF8213,,1672-10-29,1672-10-29,Marie Mancini,Ortensia Stella,,image/jpeg,1672-10-29 Marie to Ortensia Stella
1672_11_18_n2os,,avenay,49.09523,-0.464819,,lett Nanette to Ortensia Stella,N/A,smn,,,lrm,,,DSCF8216;DSCF8217,,1672-11-18,1672-11-18,Nanette,Ortensia Stella,,image/jpeg,1672-11-18 Nanette to Ortensia Stella
1672_11_19_mm2os,,avenay,49.095231,-0.46482,,lett Marie to Ortensia Stella,N/A,,,,,,,DSCF8214;DSCF8215,,1672-11-19,1672-11-19,Marie Mancini,Ortensia Stella,,image/jpeg,1672-11-19 Marie to Ortensia Stella
1672_12_02_mm2lc,translated,avenay,49.095232,-0.464821,,lett 14 Marie to Lorenzo,14,smn,am; smn,smn,lrm,lrm,lrm,DSCF8488;DSCF8489;DSCF8490,1,1672-12-02,1672-12-02,Marie Mancini,Lorenzo Colonna,,image/jpeg,1672-12-02 IICP1 lett 14 Marie to Lorenzo
1672_12_10_mm2lc,,avenay,49.095233,-0.464822,,lett 15 Marie to Lorenzo,15,smn,am; smn,smn,lrm,lrm,,DSCF8491;DSCF8492;DSCF8493,1,1672-12-10,1672-12-10,Marie Mancini,Lorenzo Colonna,,image/jpeg,1672-12-10 IICP1 lett 15 Marie to Lorenzo
1672_12_13_mm2lc,,avenay,49.095234,-0.464823,,lett 16 Marie to Lorenzo,16,smn,am; smn,smn,lrm,lrm,,DSCF8494;DSCF8495,1,1672-12-13,1672-12-13,Marie Mancini,Lorenzo Colonna,,image/jpeg,1672-12-13 IICP1 lett 16 Marie to Lorenzo
1672_12_25_mm2os,,nevers,46.991215,3.162462,,lett Marie to Ortensia Stella,N/A,smn,,,lrm,,,DSCF8219;DSCF8220,,1672-12-25,1672-12-25,Marie Mancini,Ortensia Stella,,image/jpeg,1672-12-25 Marie to Ortensia Stella
1672_12_30_mm2lc,,nevers,46.991216,3.162463,,lett 17 Marie to Lorenzo,17,smn,am; smn,smn,lrm,lrm,,DSCF8496;DSCF8497;DSCF8498,1,1672-12-30,1672-12-30,Marie Mancini,Lorenzo Colonna,,image/jpeg,1672-12-30 IICP1 lett 17 Marie to Lorenzo
1672_mm2lc,translated,unk,,,,lett 01 Marie to Lorenzo,1,smn,am; smn,smn,lrm,lrm,lrm,DSCF8481;DSCF8482;DSCF8483;DSCF8484,1,1672,1672,Marie Mancini,Lorenzo Colonna,,image/jpeg,1672------ IICP1 lett 01 Marie to Lorenzo
1672_xx_01_mm2os,,grenoble,45.182236,5.718281,,lett 07 Marie to Ortensia Stella,7,smn,wn,wn,lrm,,,DSCF8224;DSCF8225,,,,Marie Mancini,Ortensia Stella,,image/jpeg,
1673_01_14_mm2lc,,lyon,45.762818,4.834074,,lett 02 Marie to Lorenzo,2,smn,am; smn,,lrm,lrm,,DSCF8466;DSCF8467;DSCF8468,1,1673-01-14,1673-01-14,Marie Mancini,Lorenzo Colonna,,image/jpeg,1673-01-14 IICP1 lett 02 Marie to Lorenzo
1673_01_26_mm2lc,,turin,45.07769,7.676437,,lett 20 Marie to Lorenzo,20,smn,am; smn,,lrm,lrm,,DSCF8505;DSCF8506,1,1673-01-26,1673-01-26,Marie Mancini,Lorenzo Colonna,,image/jpeg,1673-01-26 IICP1 lett 20 Marie to Lorenzo
1673_02_08_mm2lc,,turin,45.077692,7.676439,,lett 22 Marie to Lorenzo,22,smn,am; smn,,lrm,lrm,,DSCF8509;DSCF8510,1,1673-02-08,1673-02-08,Marie Mancini,Lorenzo Colonna,,image/jpeg,1673-02-08 IICP1 lett 22 Marie to Lorenzo
1673_02_08_mm2um,,turin,45.077691,7.676438,,lett 21 Marie to unidentified man,21,smn,,,lrm,,,DSCF8507;DSCF8508,1,1673-02-08,1673-02-07,Marie Mancini,unidentified man,,image/jpeg,1673-02-07 IICP1 lett 21_actually 1673-02-08_Marie to Lorenzo_actually Marie to an unidentified man
1673_02_22_mm2lc,,turin,45.077693,7.67644,,lett 24 Marie to Lorenzo,24,smn,am; smn,,lrm,lrm,,DSCF8511;DSCF8512,1,1673-02-22,1673-02-22,Marie Mancini,Lorenzo Colonna,,image/jpeg,1673-02-22 IICP1 lett 24 Marie to Lorenzo
1673_03_01_mm2lc,,turin,45.077694,7.676441,,lett 25 Marie to Lorenzo,25,smn,am; smn,,lrm,lrm,,DSCF8513;DSCF8514,1,1673-03-01,1673-03-01,Marie Mancini,Lorenzo Colonna,,image/jpeg,1673-03-01 IICP1 lett 25 Marie to Lorenzo
1673_03_08_mm2lc,,turin,45.077695,7.676442,,lett 26 Marie to Lorenzo,26,smn,am; smn,,lrm,lrm,,DSCF8515;DSCF8516,1,1673-03-08,1673-03-08,Marie Mancini,Lorenzo Colonna,,image/jpeg,1673-03-08 IICP1 lett 26 Marie to Lorenzo
1673_03_15_mm2lc,,turin,45.077696,7.676443,,lett 27 Marie to Lorenzo,27,smn,am; smn,,lrm,lrm,,DSCF8517;DSCF8518,1,1673-03-15,1673-03-15,Marie Mancini,Lorenzo Colonna,,image/jpeg,1673-03-15 IICP1 lett 27 Marie to Lorenzo
1673_03_29_mm2lc,,turin,45.077697,7.676444,,lett 28 Marie to Lorenzo,28,smn,am; smn,,lrm,lrm,,DSCF8519;DSCF8520,1,1673-03-29,1673-03-29,Marie Mancini,Lorenzo Colonna,,image/jpeg,1673-03-29 IICP1 lett 28 Marie to Lorenzo
1673_04_13_mm2lc,,turin,45.077698,7.676445,,lett 30 Marie to Lorenzo,30,smn,am; smn,,lrm,lrm,,DSCF8525;DSCF8526,1,1673-04-13,1673-04-13,Marie Mancini,Lorenzo Colonna,,image/jpeg,1673-04-13 IICP1 lett 30 Marie to Lorenzo
1673_04_19_mm2lc,,turin,45.077699,7.676446,,lett 29 Marie to Lorenzo,29,smn,am; smn,,lrm,lrm,,DSCF8521;DSCF8522;DSCF8523,1,1673-04-19,1673-04-19,Marie Mancini,Lorenzo Colonna,,image/jpeg,1673-04-19 IICP1 lett 29 Marie to Lorenzo
1673_06_08_mm2lc,,turin,45.0777,7.676447,,lett 31 Marie to Lorenzo,31,smn,am; smn,,lrm,lrm,,DSCF8527;DSCF8528,1,1673-06-08,1673-06-08,Marie Mancini,Lorenzo Colonna,,image/jpeg,1673-06-08 IICP1 lett 31 Marie to Lorenzo
1673_06_28_mm2lc,,turin,45.077701,7.676448,,lett 32 Marie to Lorenzo,32,smn,am; smn,,lrm,lrm,,DSCF8529;DSCF8530;DSCF8531,1,1673-06-28,1673-06-28,Marie Mancini,Lorenzo Colonna,,image/jpeg,1673-06-28 IICP1 lett 32 Marie to Lorenzo
1673_08_07_mm2lc,translated,turin,45.077702,7.676449,,lett 33 Marie to Lorenzo,33,smn,am; smn,smn,omw; lrm,omw; lrm,omw,DSCF8532;DSCF8533;DSCF8534,1,1673-08-07,1673-08-01,Marie Mancini,Lorenzo Colonna,,image/jpeg,1673-08-01 IICP1 lett 33_actually 1673-08-07_Marie to Lorenzo
1673_08_30_mm2lc,,turin,45.077703,7.67645,,lett 35 Marie to Lorenzo,35,smn,am; smn,,lrm,lrm,,DSCF8535;DSCF8536;DSCF8537,1,1673-08-30,1673-08-30,Marie Mancini,Lorenzo Colonna,,image/jpeg,1673-08-30 IICP1 lett 35 Marie to Lorenzo
1673_09_02_mm2lc,,turin,45.077704,7.676451,,lett 36 Marie to Lorenzo,36,smn,am,,lrm,lrm,,DSCF8538;DSCF8539;DSCF8540,1,1673-09-02,1673-09-02,Marie Mancini,Lorenzo Colonna,,image/jpeg,1673-09-02 IICP1 lett 36 Marie to Lorenzo
1673_09_05_mm2lc,,turin,45.077705,7.676452,,lett 37 Marie to Lorenzo,37,smn,am; smn,,lrm,lrm,,DSCF8541;DSCF8542;DSCF8543;DSCF8544,1,1673-09-05,1673-09-05,Marie Mancini,Lorenzo Colonna,,image/jpeg,1673-09-05 IICP1 lett 37 Marie to Lorenzo
1673_09_13_mm2lc,,turin,45.077706,7.676453,,lett 38 Marie to Lorenzo,38,smn,am; smn,,lrm,lrm,,DSCF8545;DSCF8546;DSCF8547,1,1673-09-13,1673-09-13,Marie Mancini,Lorenzo Colonna,,image/jpeg,1673-09-13 IICP1 lett 38 Marie to Lorenzo
1673_09_20_mm2lc,,turin,45.077707,7.676454,,lett 39 Marie to Lorenzo,39,smn,am; smn,,lrm,lrm,,DSCF8548;DSCF8549,1,1673-09-20,1673-09-20,Marie Mancini,Lorenzo Colonna,,image/jpeg,1673-09-20 IICP1 lett 39 Marie to Lorenzo
1673_10_04_mm2lc,,turin,45.077708,7.676455,,lett 40 Marie to Lorenzo,40,smn,am; smn,,lrm,lrm,,DSCF8550;DSCF8551;DSCF8552,1,1673-10-04,1673-10-04,Marie Mancini,Lorenzo Colonna,,image/jpeg,1673-10-04 IICP1 lett 40 Marie to Lorenzo
1673_10_15_mm2lc,,turin,45.077709,7.676456,,lett 41 Marie to Lorenzo,41,smn,am; smn,,lrm,lrm,,DSCF8553;DSCF8554;DSCF8555,1,1673-10-15,1673-10-15,Marie Mancini,Lorenzo Colonna,,image/jpeg,1673-10-15 IICP1 lett 41 Marie to Lorenzo
1673_10_16_mm2lc,,turin,45.07771,7.676457,,lett 42 Marie to Lorenzo,42,smn,am,,lrm,,,DSCF8556;DSCF8557;DSCF8558,1,1673-10-16,1673-10-16,Marie Mancini,Lorenzo Colonna,,image/jpeg,1673-10-16 IICP1 lett 42 Marie to Lorenzo
1673_11_25_mm2lc,,cologne,50.936271,6.957777,,lett 43 Marie to Lorenzo,43,smn,am; smn,,lrm,lrm,,DSCF8559;DSCF8560;DSCF8561,1,1673-11-25,1673-11-25,Marie Mancini,Lorenzo Colonna,,image/jpeg,1673-11-25 IICP1 lett 43 Marie to Lorenzo
1673_12_11_mm2lc,,mechelen,51.028212,4.480911,,lett 44 Marie to Lorenzo,44,smn,am; smn,,lrm,lrm,,DSCF8562;DSCF8563;DSCF8564,1,1673-12-11,1673-12-11,Marie Mancini,Lorenzo Colonna,,image/jpeg,1673-12-11 IICP1 lett 44 Marie to Lorenzo
1673_12_15_mm2lc,,antwerp,51.260197,4.402771,,lett 45 Marie to Lorenzo,45,smn,am; smn,,lrm,lrm,,DSCF8565;DSCF8566;DSCF8567,1,1673-12-15,1673-12-15,Marie Mancini,Lorenzo Colonna,,image/jpeg,1673-12-15 IICP1 lett 45 Marie to Lorenzo
1673_12_22_mm2lc,,antwerp,51.260198,4.402772,tienen,lett 46 Marie to Lorenzo,46,smn,am; smn,,lrm,lrm,,DSCF8568;DSCF8569;DSCF8570;DSCF8571;DSCF8572,2,1673-12-22,1673-12-22,Marie Mancini,Lorenzo Colonna,,image/jpeg,1673-12-22 IICP1 lett 46 Marie to Lorenzo
1673_12_29_mm2lc,,antwerp,51.260199,4.402773,,lett 47 Marie to Lorenzo,47,smn,am; smn,,lrm,lrm,,DSCF8573;DSCF8574;DSCF8575;DSCF8576,1,1673-12-29,1673-12-29,Marie Mancini,Lorenzo Colonna,,image/jpeg,1673-12-29 IICP1 lett 47 Marie to Lorenzo
1674_01_05_a_mm2lc,,antwerp,51.2602,4.402774,,lett 19 Marie to Lorenzo,19,smn,am; smn,,lrm,,,DSCF8502;DSCF8503;DSCF8504,1,1674-01-05,1673-01-05,Marie Mancini,Lorenzo Colonna,,image/jpeg,1674-01-05 IICP1 lett 19 Marie to Lorenzo
1674_01_05_b_mm2lc,,antwerp,51.260201,4.402775,,lett 18 Marie to Lorenzo,18,smn,am; smn,,lrm,,,DSCF8499;DSCF8500;DSCF8501,1,1674-01-05,1673-01-03,Marie Mancini,Lorenzo Colonna,,image/jpeg,1673-01-03 IICP1 lett 18_actually 1674-01-05_Marie to Lorenzo
1674_01_12_mm2lc,,antwerp,51.260202,4.402776,,lett 48 Marie to Lorenzo,48,smn,am; smn,,lrm,,,DSCF8577;DSCF8578;DSCF8579,1,1674-01-12,1674-01-12,Marie Mancini,Lorenzo Colonna,,image/jpeg,1674-01-12 IICP1 lett 48 Marie to Lorenzo
1674_01_24_mm2lc,,antwerp,51.260203,4.402777,,lett 49 Marie to Lorenzo,49,smn,am; smn,,lrm,,,DSCF8580;DSCF8581;DSCF8582;DSCF8583,1,1674-01-24,1674-01-24,Marie Mancini,Lorenzo Colonna,,image/jpeg,1674-01-24 IICP1 lett 49 Marie to Lorenzo
1674_01_26_mm2lc,,antwerp,51.260204,4.402778,,lett 50 Marie to Lorenzo,50,smn,am; smn,,lrm,,,DSCF8584;DSCF8585;DSCF8586,1,1674-01-26,1674-01-26,Marie Mancini,Lorenzo Colonna,,image/jpeg,1674-01-26 IICP1 lett 50 Marie to Lorenzo
1674_02_02_a_mm2lc,,antwerp,51.260205,4.402779,,lett 52 Marie to Lorenzo,52,smn,am; smn,,lrm,,,DSCF8590;DSCF8591;DSCF8592,1,1674-02-02,1674-02-02,Marie Mancini,Lorenzo Colonna,,image/jpeg,1674-02-02 IICP1 lett 52 Marie to Lorenzo
1674_02_02_b_mm2lc,,antwerp,51.260206,4.40278,,lett 53 Marie to Lorenzo,53,smn,am; smn,,lrm,,,DSCF8593;DSCF8594;DSCF8595,1,1674-02-02,1674-02-02,Marie Mancini,Lorenzo Colonna,,image/jpeg,1674-02-02 IICP1 lett 53 Marie to Lorenzo
1674_02_07_mm2lc,,antwerp,51.260207,4.402781,,lett 51 Marie to Lorenzo,51,smn,am; smn,,lrm,,,DSCF8587;DSCF8588;DSCF8589,1,1674-02-07,1674-02-01,Marie Mancini,Lorenzo Colonna,,image/jpeg,1674-02-01 IICP1 lett 51_actually 1674-02-07_Marie to Lorenzo
1674_02_10_mm2lc,,antwerp,51.260208,4.402782,,lett 54 Marie to Lorenzo,54,smn,am; smn,,lrm,,,DSCF8596;DSCF8597;DSCF8598,1,1674-02-10,1674-02-10,Marie Mancini,Lorenzo Colonna,,image/jpeg,1674-02-10 IICP1 lett 54 Marie to Lorenzo
1674_02_14_mm2lc,,antwerp,51.260209,4.402783,,lett 56 Marie to Lorenzo,56,smn,am; smn,,lrm,,,DSCF8602;DSCF8603;DSCF8604;DSCF8605;DSCF8606,2,1674-02-14,1674-02-14,Marie Mancini,Lorenzo Colonna,,image/jpeg,1674-02-14 IICP1 lett 56 Marie to Lorenzo
1674_02_19_mm2lc,,antwerp,51.26021,4.402784,,lett 57 Marie to Lorenzo,57,smn,am; smn,,lrm,,,DSCF8607;DSCF8608;DSCF8609,1,1674-02-19,1674-02-17,Marie Mancini,Lorenzo Colonna,,image/jpeg,1674-02-17 IICP1 lett 57_actually 1674-02-19_Marie to Lorenzo
1674_02_23_mm2lc,,antwerp,51.260211,4.402785,,lett 58 Marie to Lorenzo,58,smn,am; smn,,lrm,,,DSCF8610;DSCF8611;DSCF8612,1,1674-02-23,1674-02-25,Marie Mancini,Lorenzo Colonna,,image/jpeg,1674-02-25 IICP1 lett 58_actually 1674-02-23_Marie to Lorenzo
1674_02_mm2lc,,antwerp,51.260212,4.402786,,lett 55 Marie to Lorenzo,55,smn,am; smn,,lrm,,,DSCF8599;DSCF8600;DSCF8601,1,1674-02,1674-02,Marie Mancini,Lorenzo Colonna,,image/jpeg,1674-02 IICP1 lett 55 Marie to Lorenzo
1674_03_02_mm2lc,,antwerp,51.260213,4.402787,,lett 59 Marie to Lorenzo,59,smn,am,,lrm,,,DSCF8613;DSCF8614;DSCF8615;DSCF8616;DSCF8617,,1674-03-02,1674-03-02,Marie Mancini,Lorenzo Colonna,,image/jpeg,1674-03-02 IICP1 lett 59 Marie to Lorenzo
1674_03_07_mm2lc,,antwerp,51.260214,4.402788,,lett 60 Marie to Lorenzo,60,smn,am,,lrm,,,DSCF8618;DSCF8619;DSCF8620,,1674-03-07,1674-03-07,Marie Mancini,Lorenzo Colonna,,image/jpeg,1674-03-07 IICP1 lett 60 Marie to Lorenzo
1674_03_17_a_mm2lc,,brussels,50.878053,4.341405,,lett 61 Marie to Lorenzo,61,smn,am,,lrm,,,DSCF8621;DSCF8622;DSCF8623;DSCF8624,,1674-03-17,1674-03-17,Marie Mancini,Lorenzo Colonna,,image/jpeg,1674-03-17 IICP1 lett 61 Marie to Lorenzo
1674_03_17_b_mm2lc,,brussels,50.878054,4.341406,,lett 64 Marie to Lorenzo,64,smn,am,,lrm,,,DSCF8625;DSCF8626;DSCF8627,,1674-03-17,1674-03-17,Marie Mancini,Lorenzo Colonna,,image/jpeg,1674-03-17 IICP1 lett 64 Marie to Lorenzo
1674_03_24_mm2lc,,brussels,50.878055,4.341407,,lett 65 Marie to Lorenzo,65,smn,am,,lrm,,,DSCF8628;DSCF8629;DSCF8630,,1674-03-24,1674-03-24,Marie Mancini,Lorenzo Colonna,,image/jpeg,1674-03-24 IICP1 lett 65 Marie to Lorenzo
1674_03_31_mm2lc,,brussels,50.878056,4.341408,,lett 66 Marie to Lorenzo,66,smn,am,,lrm,,,DSCF8631;DSCF8632;DSCF8633,,1674-03-31,1674-03-31,Marie Mancini,Lorenzo Colonna,,image/jpeg,1674-03-31 IICP1 lett 66 Marie to Lorenzo
1674_04_14_mm2lc,,brussels,50.878057,4.341409,,lett 67 Marie to Lorenzo,67,smn,am,,lrm,,,DSCF8634;DSCF8635;DSCF8636,,1674-04-14,1674-04-14,Marie Mancini,Lorenzo Colonna,,image/jpeg,1674-04-14 IICP1 lett 67 Marie to Lorenzo
1674_04_18_mm2lc,,brussels,50.878058,4.34141,,lett 68 Marie to Lorenzo,68,smn,am,,lrm,,,DSCF8637;DSCF8638;DSCF8639,,1674-04-18,1674-04-18,Marie Mancini,Lorenzo Colonna,,image/jpeg,1674-04-18 IICP1 lett 68 Marie to Lorenzo
1674_05_04_mm2lc,,antwerp,51.260215,4.402789,,lett 69 Marie to Lorenzo,69,smn,am,,lrm,,,DSCF8640;DSCF8641;DSCF8642;DSCF8643;DSCF8644;DSCF8645;DSCF8646,,1674-05-04,1674-05-04,Marie Mancini,Lorenzo Colonna,,image/jpeg,1674-05-04 IICP1 lett 69 Marie to Lorenzo
1674_05_11_mm2lc,,antwerp,51.260216,4.40279,,lett 70 Marie to Lorenzo,70,smn,am,,lrm,,,DSCF8647;DSCF8648;DSCF8649,,1674-05-11,1674-05-11,Marie Mancini,Lorenzo Colonna,,image/jpeg,1674-05-11 IICP1 lett 70 Marie to Lorenzo
1674_05_25_mm2lc,,antwerp,51.260217,4.402791,,lett 71 Marie to Lorenzo,71,smn,am,,lrm,,,DSCF8652;DSCF8653;DSCF8654;DSCF8655,,1674-05-25,1674-05-25,Marie Mancini,Lorenzo Colonna,,image/jpeg,1674-05-25 IICP1 lett 71 Marie to Lorenzo
1674_06_06_mm2lc,,ostend,51.215907,2.92448,,lett 72 Marie to Lorenzo,72,smn,am,,lrm,,,DSCF8656;DSCF8657;DSCF8658,,1674-06-06,1674-06-06,Marie Mancini,Lorenzo Colonna,,image/jpeg,1674-06-06 IICP1 lett 72 Marie to Lorenzo
1674_06_09_mm2os,,madrid,40.415998,-3.70497,,lett 532 Marie to Ortensia Stella,532,smn,,,lrm,,,DSCF8226;DSCF8227,,1674-06-09,1672-06-09,Marie Mancini,Ortensia Stella,,image/jpeg,1672-06-09 IICP1 lett 532_actually 1674-06-09_Marie to Ortensia Stella
1674_06_19_mm2lc,,san-seb,43.31988,-1.982396,,lett 73 Marie to Lorenzo,73,smn,am,,lrm,,,DSCF8659;DSCF8660;DSCF8661,,1674-06-19,1674-06-12,Marie Mancini,Lorenzo Colonna,,image/jpeg,1674-06-12 IICP1 lett 73_actually 1674-06-19_Marie to Lorenzo
1674_07_03_mm2lc,,madrid,40.415999,-3.70498,,lett 74 Marie to Lorenzo,74,smn,am,,lrm,,,DSCF8662;DSCF8663;DSCF8664,,1674-07-03,1674-07-03,Marie Mancini,Lorenzo Colonna,,image/jpeg,1674-07-03 IICP1 lett 74 Marie to Lorenzo
1674_07_11_mm2lc,,madrid,40.416,-3.70499,,lett 75 Marie to Lorenzo,75,smn,am,,lrm,,,DSCF8665;DSCF8666;DSCF8667;DSCF8668,,1674-07-11,1674-07-11,Marie Mancini,Lorenzo Colonna,,image/jpeg,1674-07-11 IICP1 lett 75 Marie to Lorenzo
1674_07_25_mm2lc,,madrid,40.416001,-3.705,,lett 76 Marie to Lorenzo,76,smn,am,,lrm,,,DSCF8669;DSCF8670;DSCF8671,,1674-07-25,1674-07-25,Marie Mancini,Lorenzo Colonna,,image/jpeg,1674-07-25 IICP1 lett 76 Marie to Lorenzo
1674_08_08_mm2lc,,madrid,40.416002,-3.70501,,lett 78 Marie to Lorenzo,78,smn,am,,lrm,,,DSCF8672;DSCF8673;DSCF8674,,1674-08-08,1674-08-08,Marie Mancini,Lorenzo Colonna,,image/jpeg,1674-08-08 IICP1 lett 78 Marie to Lorenzo
1674_08_22_mm2lc,,madrid,40.416003,-3.70502,,lett 79 Marie to Lorenzo,79,smn,am,,lrm,,,DSCF8675;DSCF8676;DSCF8677,,1674-08-22,1674-08-22,Marie Mancini,Lorenzo Colonna,,image/jpeg,1674-08-22 IICP1 lett 79 Marie to Lorenzo
1674_09_05_mm2lc,,madrid,40.416004,-3.70503,,lett 80 Marie to Lorenzo,80,smn,am,,lrm,,,DSCF8680;DSCF8681;DSCF8682;DSCF8683,,1674-09-05,1674-09-07,Marie Mancini,Lorenzo Colonna,,image/jpeg,1674-09-07 IICP1 lett 80_actually 1674-09-05_Marie to Lorenzo
1674_09_19_mm2lc,,madrid,40.416005,-3.70504,,lett 81 Marie to Lorenzo,81,smn,am,,lrm,,,DSCF8686;DSCF8687;DSCF8688,,1674-09-19,1674-09-19,Marie Mancini,Lorenzo Colonna,,image/jpeg,1674-09-19 IICP1 lett 81 Marie to Lorenzo
1674_10_02_mm2lc,,madrid,40.416006,-3.70505,,lett 82 Marie to Lorenzo,82,smn,am,,lrm,,,DSCF8689;DSCF8690;DSCF8691;DSCF8692;DSCF8693,,1674-10-02,1674-10-02,Marie Mancini,Lorenzo Colonna,,image/jpeg,1674-10-02 IICP1 lett 82 Marie to Lorenzo
1674_10_18_mm2lc,,madrid,40.416007,-3.70506,,lett 83 Marie to Lorenzo,83,smn,am,,lrm,,,DSCF8694;DSCF8695;DSCF8696,,1674-10-18,1674-10-18,Marie Mancini,Lorenzo Colonna,,image/jpeg,1674-10-18 IICP1 lett 83 Marie to Lorenzo
1674_10_30_mm2lc,,madrid,40.416008,-3.70507,,lett 84 Marie to Lorenzo,84,smn,am,,lrm,,,DSCF8697;DSCF8698;DSCF8699,,1674-10-30,1674-10-30,Marie Mancini,Lorenzo Colonna,,image/jpeg,1674-10-30 IICP1 lett 84 Marie to Lorenzo
1674_11_15_mm2lc,,madrid,40.416009,-3.70508,,lett 85 Marie to Lorenzo,85,smn,am,,lrm,,,DSCF8700;DSCF8701;DSCF8702,,1674-11-15,1674-11-15,Marie Mancini,Lorenzo Colonna,,image/jpeg,1674-11-15 IICP1 lett 85 Marie to Lorenzo
1674_11_29_mm2lc,,madrid,40.41601,-3.70509,,lett 86 Marie to Lorenzo,86,smn,am,,lrm,,,DSCF8703;DSCF8704;DSCF8705;DSCF8706;DSCF8707,,1674-11-29,1674-11-29,Marie Mancini,Lorenzo Colonna,,image/jpeg,1674-11-29 IICP1 lett 86 Marie to Lorenzo
1674_12_17_mm2lc,,madrid,40.416011,-3.7051,,lett 87 Marie to Lorenzo,87,smn,am,,lrm,,,DSCF8708;DSCF8709;DSCF8710,,1674-12-17,1674-12-17,Marie Mancini,Lorenzo Colonna,,image/jpeg,1674-12-17 IICP1 lett 87 Marie to Lorenzo
1674_12_26_mm2lc,,madrid,40.416012,-3.70511,,lett 88 Marie to Lorenzo,88,smn,am,,lrm,,,DSCF8711;DSCF8712;DSCF8713,,1674-12-26,1674-12-26,Marie Mancini,Lorenzo Colonna,,image/jpeg,1674-12-26 IICP1 lett 88 Marie to Lorenzo
1674_12_30_mm2lc,,madrid,40.416013,-3.70512,,lett 89 Marie to Lorenzo,89,smn,am,,lrm,,,DSCF8714;DSCF8715;DSCF8716,,1674-12-30,1674-12-30,Marie Mancini,Lorenzo Colonna,,image/jpeg,1674-12-30 IICP1 lett 89 Marie to Lorenzo
1675_01_09_mm2lc,,madrid,40.416014,-3.70513,,lett 460 Marie to Lorenzo,460,smn,am,,lrm,,,DSCF8727;DSCF8728,1,1675-01-09,1675-01-09,Marie Mancini,Lorenzo Colonna,,image/jpeg,1675-01-09 IICP1 lett 460 Marie to Lorenzo
1675_01_23_mm2lc,,madrid,40.416015,-3.70514,,lett 461 Marie to Lorenzo,461,smn,am,,lrm,,,DSCF8729;DSCF8730;DSCF8731,1,1675-01-23,1675-01-23,Marie Mancini,Lorenzo Colonna,,image/jpeg,1675-01-23 IICP1 lett 461 Marie to Lorenzo
1675_03_06_mm2lc,,madrid,40.416016,-3.70515,,lett 142 Marie to Lorenzo,142,smn,am,,lrm,,,DSCF8724;DSCF8725;DSCF8726,1,1675-03-06,1679-03-06,Marie Mancini,Lorenzo Colonna,,image/jpeg,1679-03-06 IICP1 lett 142_actually 1675-03-06_Marie to Lorenzo
1675_03_21_mm2lc,,madrid,40.416017,-3.70516,,lett 463 Marie to Lorenzo,463,smn,am,,lrm,,,DSCF8732;DSCF8733;DSCF8734;DSCF8735;DSCF8736,1,1675-03-21,1675-03-21,Marie Mancini,Lorenzo Colonna,,image/jpeg,1675-03-21 IICP1 lett 463 Marie to Lorenzo
1675_04_03_mm2lc,,madrid,40.416018,-3.70517,,lett 464 Marie to Lorenzo,464,smn,am,,lrm,,,DSCF8737;DSCF8738;DSCF8739;DSCF8740,1,1675-04-03,1675-04-03,Marie Mancini,Lorenzo Colonna,,image/jpeg,1675-04-03 IICP1 lett 464 Marie to Lorenzo
1675_04_17_mm2lc,,madrid,40.416019,-3.70518,,lett 465 Marie to Lorenzo,465,smn,am,,lrm,,,DSCF8741;DSCF8742;DSCF8743;DSCF8744,1,1675-04-17,1675-04-15,Marie Mancini,Lorenzo Colonna,,image/jpeg,1675-04-15 IICP1 lett 465_actually 1675-04-17_Marie to Lorenzo
1675_05_01_mm2lc,,madrid,40.41602,-3.70519,,lett 466 Marie to Lorenzo,466,smn,am,,lrm,,,DSCF8745;DSCF8746;DSCF8747,1,1675-05-01,1675-05-01,Marie Mancini,Lorenzo Colonna,,image/jpeg,1675-05-01 IICP1 lett 466 Marie to Lorenzo
1675_05_15_mm2lc,,madrid,40.41603,-3.70529,,lett 102 Marie to Lorenzo,102,smn,am,,lrm,,,DSCF8825;DSCF8826;DSCF8827,1,1675-05-15,1676-05-15,Marie Mancini,Lorenzo Colonna,,image/jpeg,1676-05-15 IICP1 lett 102_actually 1675-05-15_Marie to Lorenzo
1675_05_29_mm2lc,,madrid,40.416021,-3.7052,,lett 467 Marie to Lorenzo,467,smn,am,,lrm,,,DSCF8748;DSCF8749;DSCF8750,1,1675-05-29,1675-05-29,Marie Mancini,Lorenzo Colonna,,image/jpeg,1675-05-29 IICP1 lett 467 Marie to Lorenzo
1675_06_12_mm2lc,,madrid,40.416022,-3.70521,,lett 468 Marie to Lorenzo,468,smn,am,,lrm,,,DSCF8751;DSCF8752;DSCF8753,1,1675-06-12,1675-06-12,Marie Mancini,Lorenzo Colonna,,image/jpeg,1675-06-12 IICP1 lett 468 Marie to Lorenzo
1675_06_26_mm2lc,,madrid,40.416023,-3.70522,,lett 469 Marie to Lorenzo,469,smn,am,,lrm,,,DSCF8754;DSCF8755;DSCF8756,1,1675-06-26,1675-06-26,Marie Mancini,Lorenzo Colonna,,image/jpeg,1675-06-26 IICP1 lett 469 Marie to Lorenzo
1675_07_02_mm2lc,,madrid,40.416024,-3.70523,,lett 470 Marie to Lorenzo,470,smn,am,,lrm,,,DSCF8757;DSCF8758;DSCF8759;DSCF8760;DSCF8761,2,1675-07-02,1675-07-02,Marie Mancini,Lorenzo Colonna,,image/jpeg,1675-07-02 IICP1 lett 470 Marie to Lorenzo
1675_07_09_mm2lc,,madrid,40.416025,-3.70524,,lett 471 Marie to Lorenzo,471,smn,am,,lrm,,,DSCF8762;DSCF8763;DSCF8764;DSCF8765,1,1675-07-09,1675-07-09,Marie Mancini,Lorenzo Colonna,,image/jpeg,1675-07-09 IICP1 lett 471 Marie to Lorenzo
1675_07_24_mm2lc,,madrid,40.416026,-3.70525,,lett 472 Marie to Lorenzo,472,smn,am,,lrm,,,DSCF8766;DSCF8767;DSCF8768,1,1675-07-24,1675-07-24,Marie Mancini,Lorenzo Colonna,,image/jpeg,1675-07-24 IICP1 lett 472 Marie to Lorenzo
1675_08_07_mm2lc,,madrid,40.416027,-3.70526,,lett 473 Marie to Lorenzo,473,smn,am,,lrm,,,DSCF8770;DSCF8771;DSCF8772,1,1675-08-07,1675-08-07,Marie Mancini,Lorenzo Colonna,,image/jpeg,1675-08-07 IICP1 lett 473 Marie to Lorenzo
1675_08_21_mm2lc,,madrid,40.416028,-3.70527,,lett 474 Marie to Lorenzo,474,smn,am,,lrm,,,DSCF8775;DSCF8776;DSCF8777;DSCF8778,2,1675-08-21,1675-08-21,Marie Mancini,Lorenzo Colonna,,image/jpeg,1675-08-21 IICP1 lett 474 Marie to Lorenzo
1675_09_04_mm2lc,,madrid,40.416029,-3.70528,,lett 475 Marie to Lorenzo,475,smn,am,,lrm,,,DSCF8779;DSCF8780;DSCF8781,1,1675-09-04,1675-09-04,Marie Mancini,Lorenzo Colonna,,image/jpeg,1675-09-04 IICP1 lett 475 Marie to Lorenzo
1675_12_26_mm2lc,,madrid,40.416031,-3.7053,,lett 117 Marie to Lorenzo,117,smn,am,,lrm,,,DSCF8717;DSCF8718;DSCF8719;DSCF8720,2,1675-12-26,1676-12-26,Marie Mancini,Lorenzo Colonna,,image/jpeg,1676-12-26 IICP1 lett 117_actually 1675-12-26_Marie to Lorenzo
1675_12_27_mm2lc,,madrid,40.416032,-3.70531,,lett 118 Marie to Lorenzo,118,smn,am,,lrm,,,DSCF8721;DSCF8722;DSCF8723,1,1675-12-27,1676-12-27,Marie Mancini,Lorenzo Colonna,,image/jpeg,1676-12-27 IICP1 lett 118_actually 1675-12-27_Marie to Lorenzo